,HW2.1,HW2.2,HW2.3,HW3.1,HW3.2,HW4,HW5.1,HW5.2,HW6.1,HW6.2,HW7,HW8.1,HW8.2,HW9,HW10,HW11-12,Total Coverage
1.1 (Graphing Skills),0,0,0,0,0,0,1,1,0,0,0,0,0,0,0,0,2
1.2 (Data Manipulation),0,0,0,0,0,0,0,0,1,1,0,0,0,0,0,0,2
1.3 (SPPP Relationships),0,0,0,0,0,0,0,0,0,0,0,0,0,0,0,0,0
1.4 (Material Classes),0,0,0,0,0,0,0,0,0,0,0,0,0,0,0,0,0
1.5 (Geometry Independence),0,0,0,0,0,0,0,0,0,0,0,0,0,0,0,0,0
1.6 (Anisotropy),0,0,0,0,1,0,0,0,0,0,0,0,0,0,0,0,1
1.7 (Materials Selection),0,0,0,0,0,0,0,0,0,0,0,0,0,0,0,0,0
2.1 (Historical Impact),0,0,0,0,0,0,0,0,0,0,0,0,0,0,0,0,0
2.2 (Multidisciplinary),0,0,0,0,0,0,0,0,0,0,0,0,0,0,0,0,0
2.3 (Career Paths),0,0,0,0,0,0,0,0,0,0,0,0,0,0,0,0,0
3.1 (Bond Types),1,1,0,0,0,0,0,0,0,0,0,0,0,0,0,0,2
3.2 (Bond Properties),1,0,0,0,0,0,0,0,0,0,0,0,0,0,0,0,1
3.3 (Energy Curves),1,1,0,0,0,0,0,0,0,0,0,0,0,0,0,0,2
3.4 (Energy Plotting),1,0,0,0,0,0,0,0,0,0,0,0,0,0,0,0,1
3.5 (Material Ranking),1,0,0,0,0,0,0,0,0,0,0,0,0,0,0,0,1
4.1 (Structure Hierarchy),0,0,0,0,0,0,0,0,0,0,0,0,0,0,0,0,0
4.2 (Bravais Lattices),0,0,0,0,0,0,0,0,0,0,0,0,0,0,0,0,0
4.3 (FCC/BCC Structures),0,0,0,1,0,0,0,0,0,0,0,0,0,0,0,0,1
4.4 (Edge Length Formulas),0,0,0,1,0,0,0,0,0,0,0,0,0,0,0,0,1
4.5 (Unit Cell Calculations),0,0,0,3,0,0,0,0,0,0,0,0,0,0,0,0,3
4.6 (Miller Indices),0,0,0,0,9,0,0,0,0,0,0,0,0,0,0,0,9
4.7 (Visual Identification),0,0,0,0,3,0,0,0,0,0,0,0,0,0,0,0,3
4.8 (Interstitial Sites),0,0,0,0,0,0,0,0,0,0,0,0,0,0,0,0,0
5.1 (Defect Classification),0,0,0,0,0,1,0,0,0,0,0,0,0,0,0,0,1
5.2 (Vacancy Calculations),0,0,0,0,0,2,0,0,0,0,0,0,0,0,0,0,2
5.3 (Dislocation Types),0,0,0,0,0,0,0,0,0,0,0,0,0,0,0,0,0
5.4 (Dislocation Importance),0,0,0,0,0,0,0,0,0,0,0,0,0,0,0,0,0
5.5 (Defect Energy Ranking),0,0,0,0,0,1,0,0,0,0,0,0,0,0,0,0,1
5.6 (Grain Boundaries),0,0,0,0,0,0,0,0,0,0,0,0,0,0,0,0,0
6.1 (Diffusion Mechanisms),0,0,0,0,0,0,2,0,0,0,0,0,0,0,0,0,2
6.2 (Fick's Laws),0,0,0,0,0,0,3,0,0,0,0,0,0,0,0,0,3
6.3 (Steady-State),0,0,0,0,0,0,2,0,0,0,0,0,0,0,0,0,2
6.4 (Temperature Dependence),0,0,0,0,0,0,2,0,0,0,0,0,0,0,0,0,2
6.5 (Transient Diffusion),0,0,0,0,0,0,0,0,0,0,0,0,0,0,0,0,0
6.6 (Practical Applications),0,0,0,0,0,0,0,2,0,0,0,0,0,0,0,0,2
7.1 (Elastic vs Plastic),0,0,0,0,0,0,0,0,1,0,0,0,0,0,0,0,1
7.2 (Stress-Strain Analysis),0,0,0,0,0,0,0,0,0,3,0,0,0,0,0,0,3
7.3 (Stress-Strain Plotting),0,0,0,0,0,0,0,0,0,1,0,0,0,0,0,0,1
7.4 (Elastic Calculations),0,0,0,0,0,0,0,0,3,0,0,0,0,0,0,0,3
7.5 (Work-Hardening),0,0,0,0,0,0,0,0,0,0,0,0,0,0,0,0,0
7.6 (Material Class Response),0,0,0,0,0,0,0,0,0,0,0,0,0,0,0,0,0
8.1 (Dislocation Importance),0,0,0,0,0,0,0,0,0,0,0,0,0,0,0,0,0
8.2 (Solid Solution),0,0,0,0,0,0,0,0,0,0,2,0,0,0,0,0,2
8.3 (Cold Working),0,0,0,0,0,0,0,0,0,0,3,0,0,0,0,0,3
8.4 (Hall-Petch),0,0,0,0,0,0,0,0,0,0,1,0,0,0,0,0,1
9.1 (Charpy Testing),0,0,0,0,0,0,0,0,0,0,0,1,0,0,0,0,1
9.2 (Griffith's Criterion),0,0,0,0,0,0,0,0,0,0,0,1,0,0,0,0,1
9.3 (Fracture Surfaces),0,0,0,0,0,0,0,0,0,0,0,0,0,0,0,0,0
9.4 (Crack Geometry),0,0,0,0,0,0,0,0,0,0,0,0,0,0,0,0,0
9.5 (Critical Stress/Crack),0,0,0,0,0,0,0,0,0,0,0,2,0,0,0,0,2
9.6 (S-N Curves),0,0,0,0,0,0,0,0,0,0,0,0,1,0,0,0,1
9.7 (Fatigue Crack Growth),0,0,0,0,0,0,0,0,0,0,0,0,1,0,0,0,1
9.8 (Creep Analysis),0,0,0,0,0,0,0,0,0,0,0,0,2,0,0,0,2
10.1 (Phase Diagram Reading),0,0,0,0,0,0,0,0,0,0,0,0,0,2,0,0,2
10.2 (Alloy Melting),0,0,0,0,0,0,0,0,0,0,0,0,0,0,0,0,0
10.3 (Eutectic Systems),0,0,0,0,0,0,0,0,0,0,0,0,0,0,0,0,0
10.4 (Lever Rule Compositions),0,0,0,0,0,0,0,0,0,0,0,0,0,1,0,0,1
10.5 (Lever Rule Fractions),0,0,0,0,0,0,0,0,0,0,0,0,0,2,0,0,2
10.6 (Isomorphous Diagrams),0,0,0,0,0,0,0,0,0,0,0,0,0,0,0,0,0
10.7 (Eutectic Diagrams),0,0,0,0,0,0,0,0,0,0,0,0,0,1,0,0,1
10.8 (Micrograph Interpretation),0,0,0,0,0,0,0,0,0,0,0,0,0,1,0,0,1
11.1 (Congruent Transformations),0,0,0,0,0,0,0,0,0,0,0,0,0,0,0,0,0
11.2 (TTT/CCT Diagrams),0,0,0,0,0,0,0,0,0,0,0,0,0,1,0,0,1
11.3 (Microstructure-Properties),0,0,0,0,0,0,0,0,0,0,0,0,0,0,0,0,0
11.4 (Heat Treatment Effects),0,0,0,0,0,0,0,0,0,0,0,0,0,0,0,0,0
11.5 (Avrami Equations),0,0,0,0,0,0,0,0,0,0,0,0,0,1,0,0,1
11.6 (Precipitation Hardening),0,0,0,0,0,0,0,0,0,0,0,0,0,0,0,2,2
11.7 (Aging),0,0,0,0,0,0,0,0,0,0,0,0,0,0,0,1,1
11.8 (Age Hardening Systems),0,0,0,0,0,0,0,0,0,0,0,0,0,0,0,0,0
11.9 (Driving Forces),0,0,0,0,0,0,0,0,0,0,2,0,0,0,0,0,2
11.10 (Diffusion in Layered Phases),0,0,0,0,0,0,0,0,0,0,0,0,0,0,0,0,0
12.1 (Casting Defects),0,0,0,0,0,0,0,0,0,0,0,0,0,0,0,0,0
12.2 (Rolling/Forging Effects),0,0,0,0,0,0,0,0,0,0,1,0,0,0,0,2,3
12.3 (Welding HAZ),0,0,0,0,0,0,0,0,0,0,0,0,0,0,0,0,0
12.4 (Process Schematics),0,0,0,0,0,0,0,0,0,0,0,0,0,0,0,0,0
13.1 (Ceramic Bonding-Properties),0,0,0,0,0,0,0,0,0,0,0,0,0,0,0,0,0
13.2 (Glass vs Technical),0,0,0,0,0,0,0,0,0,0,0,0,0,0,0,0,0
13.3 (Compaction/Sintering),0,0,0,0,0,0,0,0,0,0,0,0,0,0,0,0,0
13.4 (Ceramic Fracture),0,0,0,0,0,0,0,0,0,0,0,0,0,0,0,0,0
13.5 (Ceramic Flaws),0,0,0,0,0,0,0,0,0,0,0,0,0,0,0,0,0
13.6 (Porosity Effects),0,0,0,0,0,0,0,0,0,0,0,0,0,0,0,0,0
13.7 (Statistical Flaw Analysis),0,0,0,0,0,0,0,0,0,0,0,0,0,0,0,0,0
13.8 (Ceramic Forming),0,0,0,0,0,0,0,0,0,0,0,0,0,0,0,3,3
14.1 (Polymer Classification),0,0,0,0,0,0,0,0,0,0,0,0,0,0,0,0,0
14.2 (Viscoelastic),0,0,0,0,0,0,0,0,0,0,0,0,0,0,0,0,0
14.3 (Polymer Processing),0,0,0,0,0,0,0,0,0,0,0,0,0,0,0,0,0
14.4 (Polymer Structure-Properties),0,0,0,0,0,0,0,0,0,0,0,0,0,0,0,0,0
14.5 (Polymer Testing),0,0,0,0,0,0,0,0,0,0,0,0,0,0,0,0,0
