"Timestamp","Total score","If I have to choose between Pepsi and Coke, I prefer to drink Pepsi. ","If I have to choose between Pepsi and Coke, I prefer to drink Pepsi.  [Score]","If I have to choose between Pepsi and Coke, I prefer to drink Pepsi.  [Feedback]","If I have to choose between Sweet Tea and Unsweet Tea, I prefer to drink Sweet Tea. ","If I have to choose between Sweet Tea and Unsweet Tea, I prefer to drink Sweet Tea.  [Score]","If I have to choose between Sweet Tea and Unsweet Tea, I prefer to drink Sweet Tea.  [Feedback]","If I have to choose between Water and Vanilla flavored Almond Milk, I prefer to drink Water. ","If I have to choose between Water and Vanilla flavored Almond Milk, I prefer to drink Water.  [Score]","If I have to choose between Water and Vanilla flavored Almond Milk, I prefer to drink Water.  [Feedback]"
"2021/08/27 12:36:39 PM AST","0.00 / 0","Strongly Disagree","-- / 0","","Agree","-- / 0","","Strongly Agree","-- / 0",""
"2021/08/27 12:37:00 PM AST","0.00 / 0","Neutral","-- / 0","","Strongly Agree","-- / 0","","Strongly Agree","-- / 0",""
"2021/08/27 12:38:09 PM AST","0.00 / 0","Disagree","-- / 0","","Disagree","-- / 0","","Disagree","-- / 0",""
"2021/08/27 12:39:34 PM AST","0.00 / 0","Strongly Disagree","-- / 0","","Strongly Agree","-- / 0","","Strongly Agree","-- / 0",""
"2021/08/27 12:40:35 PM AST","0.00 / 0","Agree","-- / 0","","Agree","-- / 0","","Strongly Agree","-- / 0",""
"2021/08/27 12:41:26 PM AST","0.00 / 0","Strongly Disagree","-- / 0","","Strongly Agree","-- / 0","","Disagree","-- / 0",""
"2021/08/27 12:46:12 PM AST","0.00 / 0","Disagree","-- / 0","","Strongly Agree","-- / 0","","Strongly Agree","-- / 0",""
"2021/08/27 12:53:49 PM AST","0.00 / 0","Strongly Disagree","-- / 0","","Neutral","-- / 0","","Strongly Agree","-- / 0",""
"2021/08/27 12:57:57 PM AST","0.00 / 0","Agree","-- / 0","","Strongly Agree","-- / 0","","Neutral","-- / 0",""
"2021/08/27 1:00:04 PM AST","0.00 / 0","Strongly Disagree","-- / 0","","Strongly Agree","-- / 0","","Strongly Agree","-- / 0",""
"2021/08/27 1:05:17 PM AST","0.00 / 0","Neutral","-- / 0","","Neutral","-- / 0","","Strongly Agree","-- / 0",""
"2021/08/27 1:07:02 PM AST","0.00 / 0","Disagree","-- / 0","","Strongly Agree","-- / 0","","Strongly Agree","-- / 0",""
"2021/08/27 1:15:20 PM AST","0.00 / 0","Strongly Disagree","-- / 0","","Agree","-- / 0","","Strongly Agree","-- / 0",""
"2021/08/27 1:18:01 PM AST","0.00 / 0","Neutral","-- / 0","","Agree","-- / 0","","Strongly Agree","-- / 0",""
"2021/08/27 1:31:18 PM AST","0.00 / 0","Disagree","-- / 0","","Strongly Agree","-- / 0","","Strongly Agree","-- / 0",""
"2021/08/27 1:39:28 PM AST","0.00 / 0","Agree","-- / 0","","Agree","-- / 0","","Strongly Agree","-- / 0",""
"2021/08/27 2:18:19 PM AST","0.00 / 0","Disagree","-- / 0","","Strongly Agree","-- / 0","","Neutral","-- / 0",""
"2021/08/27 3:04:52 PM AST","0.00 / 0","Neutral","-- / 0","","Strongly Agree","-- / 0","","Strongly Agree","-- / 0",""
"2021/08/27 3:57:05 PM AST","0.00 / 0","Neutral","-- / 0","","Agree","-- / 0","","Strongly Agree","-- / 0",""
"2021/08/27 4:08:11 PM AST","0.00 / 0","Disagree","-- / 0","","Strongly Agree","-- / 0","","Agree","-- / 0",""
"2021/08/27 4:58:41 PM AST","0.00 / 0","Neutral","-- / 0","","Agree","-- / 0","","Agree","-- / 0",""
"2021/08/27 6:45:56 PM AST","0.00 / 0","Disagree","-- / 0","","Strongly Agree","-- / 0","","Strongly Agree","-- / 0",""
"2021/08/28 2:56:11 PM AST","0.00 / 0","Disagree","-- / 0","","Strongly Agree","-- / 0","","Agree","-- / 0",""
"2021/08/29 8:40:22 PM AST","0.00 / 0","Strongly Agree","-- / 0","","Strongly Agree","-- / 0","","Strongly Agree","-- / 0",""
"2021/08/31 1:48:52 PM AST","0.00 / 0","Agree","-- / 0","","Strongly Agree","-- / 0","","Disagree","-- / 0",""